date,broker,account_type,code,quantity,unit_price,note
2024-07-31,SBI証券,特定口座,03311187,50000,38000,2024年7月末までの累計(詳細履歴なし)
2024-09-10,SBI証券,特定口座,03311187,10000,40200,積立
2024-10-10,SBI証券,特定口座,03311187,10000,41500,積立
2025-01-15,SBI証券,NISA(成長投資枠),03311187,10000,42000,積立
2025-02-15,SBI証券,NISA(成長投資枠),03311187,10000,42800,積立
2023-12-31,楽天証券,旧NISA,03311182,20000,29000,2023年末までの累計(詳細履歴なし)
2025-04-10,楽天証券,NISA(つみたて投資枠),04311181,5000,85000,積立
2025-05-10,楽天証券,NISA(つみたて投資枠),04311181,5000,88000,積立
2025-06-10,楽天証券,NISA(つみたて投資枠),2244.T,15,3300,積立
